date,gpr_global,gprt_threats,gpra_acts
2000-01-01,64.46,65.57,64.25
2000-02-01,63.54,57.65,68.08
2000-03-01,50.1,55.03,40.82
2000-04-01,48.68,53.3,40.92
2000-05-01,79.48,77.27,83.23
2000-06-01,64.72,73.57,53.17
2000-07-01,51.9,57.32,41.06
2000-08-01,46.49,49.19,41.59
2000-09-01,52.69,64.44,35.19
2000-10-01,76.46,82.39,77.61
2000-11-01,45.06,44.36,47.21
2000-12-01,45.4,46.17,43.98
2001-01-01,46.9,53.7,38.34
2001-02-01,55.09,63.69,45.43
2001-03-01,61.71,66.72,56.87
2001-04-01,50.57,52.77,47.17
2001-05-01,60.38,61.34,56.86
2001-06-01,72.06,79.31,64.21
2001-07-01,61.07,65.49,52.62
2001-08-01,64.11,55.23,74.89
2001-09-01,498.65,260.17,841.18
2001-10-01,512.53,261.35,854.07
2001-11-01,306.79,149.8,509.75
2001-12-01,236.1,126.2,381.97
2002-01-01,172.48,106.92,262.29
2002-02-01,146.19,95.78,212.91
2002-03-01,151.98,99.12,219.97
2002-04-01,157.5,100.74,225.64
2002-05-01,163.32,142.25,209.41
2002-06-01,149.33,127.79,189.12
2002-07-01,122.78,94.35,168.42
2002-08-01,127.06,101.7,157.46
2002-09-01,174.9,174.53,188.72
2002-10-01,172.03,167.03,197.4
2002-11-01,159.13,155.01,179.06
2002-12-01,175.81,183,175.2
2003-01-01,206.43,245.82,176.96
2003-02-01,239.61,296.76,213.08
2003-03-01,358.71,362.41,429.14
2003-04-01,255.78,212.61,331.6
2003-05-01,162.12,153.4,186.85
2003-06-01,145.77,127.83,176.92
2003-07-01,134.9,108.39,167.45
2003-08-01,138.23,109.65,180
2003-09-01,118.2,99.72,143.56
2003-10-01,108.32,93.03,129.94
2003-11-01,118.09,93.33,153.25
2003-12-01,129.47,107.44,164.98
2004-01-01,113.47,106.72,126.09
2004-02-01,115.08,104.11,129.24
2004-03-01,138.53,109.12,183.7
2004-04-01,149.63,121.15,205.33
2004-05-01,121.09,91.97,159.95
2004-06-01,137.23,106.79,178.04
2004-07-01,131.02,121.27,159.81
2004-08-01,140.37,127.45,176.45
2004-09-01,153.87,130.21,189.36
2004-10-01,119.86,100.51,148.24
2004-11-01,122.71,98.93,151.68
2004-12-01,109.9,81.6,145.23
2005-01-01,100.89,78.2,128.53
2005-02-01,108.98,104.77,108.8
2005-03-01,90.41,87.23,87.88
2005-04-01,87.03,72.53,102.85
2005-05-01,98.21,89.93,104.91
2005-06-01,81.12,69.88,93.42
2005-07-01,165.9,118.18,237.57
2005-08-01,116.23,92.68,143.29
2005-09-01,103.81,78.46,130.27
2005-10-01,87.06,73.19,105.56
2005-11-01,83.48,70.6,96.03
2005-12-01,95.35,69.64,130.68
2006-01-01,94.51,89.32,100.19
2006-02-01,95.86,89.41,102.8
2006-03-01,92.8,88.04,97.04
2006-04-01,89.02,85.91,92.83
2006-05-01,85.21,84.03,82.28
2006-06-01,102.57,90.38,115.68
2006-07-01,137.13,134.4,142.09
2006-08-01,147.08,141.56,159.19
2006-09-01,111.72,110.28,114.77
2006-10-01,113.14,125.29,99.27
2006-11-01,88.78,87.28,86.71
2006-12-01,90.61,95.78,78.77
2007-01-01,97.92,95.61,97.65
2007-02-01,96.17,98.16,90.96
2007-03-01,87.34,86.15,83.92
2007-04-01,76.61,69.23,83.42
2007-05-01,92.6,82.3,103.89
2007-06-01,97.97,87.08,109.31
2007-07-01,112.35,103.26,127.13
2007-08-01,83.17,73.13,100.15
2007-09-01,94.49,94.94,92.25
2007-10-01,101.47,103.61,97.5
2007-11-01,89.8,95.74,81.57
2007-12-01,94.97,98.53,84.13
2008-01-01,81.5,76.4,83.75
2008-02-01,80.75,72.53,86.75
2008-03-01,77.64,72.03,83.48
2008-04-01,71.9,69.46,69.99
2008-05-01,72.57,70.68,74.79
2008-06-01,87.55,88.89,80.34
2008-07-01,89.74,84.32,88.16
2008-08-01,88.55,75.77,105.07
2008-09-01,88.54,82.01,94.46
2008-10-01,64.16,53.12,75.28
2008-11-01,79.08,68.3,95.14
2008-12-01,92.37,83.84,109.21
2009-01-01,85.37,86.31,89.71
2009-02-01,67.45,64.77,64.59
2009-03-01,72.64,69.18,74.83
2009-04-01,85.69,84.49,83.98
2009-05-01,89.68,86.64,92.64
2009-06-01,81.11,80.8,74.59
2009-07-01,83.44,82.11,80.12
2009-08-01,73.37,64.71,78.04
2009-09-01,92.84,97.49,77.78
2009-10-01,90.58,88.23,90.43
2009-11-01,82.1,74.32,85.01
2009-12-01,92.95,89.34,95.87
2010-01-01,91.58,84.97,100.41
2010-02-01,80.73,78.85,80.71
2010-03-01,74.12,73.5,70.04
2010-04-01,88.76,92.06,81.27
2010-05-01,88.96,87.49,85.86
2010-06-01,96.45,110.69,70.99
2010-07-01,79.38,75.19,84.05
2010-08-01,80.99,71.95,85.98
2010-09-01,71.17,68.95,69.29
2010-10-01,65.99,62.1,76.17
2010-11-01,94.71,98.69,83.27
2010-12-01,97.2,100.4,91.76
2011-01-01,79.42,76.59,78.81
2011-02-01,90.01,90.19,85.49
2011-03-01,136.89,126.97,157.48
2011-04-01,91.02,72.92,111.94
2011-05-01,105.34,95.51,123.83
2011-06-01,84.39,71.39,98.27
2011-07-01,78.92,59.02,102.11
2011-08-01,86.95,63.5,112.5
2011-09-01,83.35,70.61,95.27
2011-10-01,76.34,64.19,92.34
2011-11-01,83.16,95.57,70.11
2011-12-01,85.34,88.89,77.48
2012-01-01,79.63,93.61,62.07
2012-02-01,92.45,104.21,78.6
2012-03-01,88.76,87.86,85.86
2012-04-01,96.02,101.92,86.38
2012-05-01,78.17,80.63,69.74
2012-06-01,77.82,70.23,82.17
2012-07-01,82.81,79.34,91
2012-08-01,74.88,70.99,78.11
2012-09-01,69.28,68.4,65.87
2012-10-01,81.66,74.21,88.03
2012-11-01,81.39,75.66,89.05
2012-12-01,74.83,66.24,82.98
2013-01-01,90.66,84.14,108.95
2013-02-01,81.59,77.61,85.66
2013-03-01,75.9,81.89,69.4
2013-04-01,95.11,99.52,87.47
2013-05-01,83.72,75.33,98.23
2013-06-01,82.97,78.82,86.63
2013-07-01,73.98,71.56,72.68
2013-08-01,90.96,80.74,106.98
2013-09-01,100.46,100.38,100.16
2013-10-01,72.95,65.5,78.73
2013-11-01,77.78,92.5,52.44
2013-12-01,70.37,70.09,66.79
2014-01-01,77.92,70.48,83.15
2014-02-01,69,73.28,59.09
2014-03-01,119.84,151.67,74.06
2014-04-01,93.22,113.14,60.91
2014-05-01,83.43,91.7,76.15
2014-06-01,98.77,95.32,107.18
2014-07-01,138.75,162.72,118.55
2014-08-01,136.45,158.59,112.11
2014-09-01,131.56,143.4,120.78
2014-10-01,83.66,86.33,77.19
2014-11-01,84.38,88.47,76.34
2014-12-01,86.53,81.27,96.24
2015-01-01,111.99,83.5,153.34
2015-02-01,111.92,118.23,107.79
2015-03-01,104.24,117.49,83.63
2015-04-01,102.19,110.19,95.09
2015-05-01,76.26,77.67,72.86
2015-06-01,85.91,81.07,88.79
2015-07-01,106.81,120.84,86.17
2015-08-01,82.48,85.34,74.03
2015-09-01,98.77,115.89,79.35
2015-10-01,91.93,79.73,108.51
2015-11-01,150.72,113.04,213.99
2015-12-01,148.24,115.22,204.63
2016-01-01,118.21,124.24,109.53
2016-02-01,103.75,91.32,117.58
2016-03-01,109.72,98.03,127.77
2016-04-01,85.22,80.82,93.12
2016-05-01,88.33,84.46,93.64
2016-06-01,90.17,80.51,100.86
2016-07-01,114.61,97.1,145.15
2016-08-01,98.74,82.44,121.45
2016-09-01,104.55,95.49,121.15
2016-10-01,85.75,79.65,100.31
2016-11-01,82.92,81.23,83.98
2016-12-01,102.18,93.94,113.98
2017-01-01,105.2,108.28,103.17
2017-02-01,114.21,125.66,97.15
2017-03-01,96.64,95.84,95.67
2017-04-01,119.46,127.45,108.07
2017-05-01,102.58,102.35,99.7
2017-06-01,126.79,113.17,146.67
2017-07-01,102.81,125.6,71.96
2017-08-01,138.53,160.02,108.44
2017-09-01,115.53,142.14,84.1
2017-10-01,91.46,109.23,69.16
2017-11-01,92.6,103.94,80.12
2017-12-01,82.72,95.91,62.66
2018-01-01,92.43,107.64,75.67
2018-02-01,64.49,74.68,52
2018-03-01,111.96,146.93,64.56
2018-04-01,123.26,146.4,94.31
2018-05-01,125.67,172.22,63.22
2018-06-01,103.97,137.02,56.64
2018-07-01,110.03,129.1,84.41
2018-08-01,112.74,145.11,68.58
2018-09-01,75.05,88.62,51.16
2018-10-01,92.02,115.21,61.15
2018-11-01,80.41,105.17,47.4
2018-12-01,90.61,106.06,66.24
2019-01-01,87.42,112.98,55.73
2019-02-01,96.8,127.86,57.51
2019-03-01,82.33,90.79,66.64
2019-04-01,79.25,95.46,57.52
2019-05-01,106.47,134.97,64.66
2019-06-01,106.59,142.65,53.42
2019-07-01,93.52,126.93,47.42
2019-08-01,103.4,124.73,70.1
2019-09-01,90.37,110.87,67.81
2019-10-01,97.84,121.31,69.97
2019-11-01,73.08,84.59,53.03
2019-12-01,74.28,80.11,63.33
2020-01-01,138.42,190.84,81.65
2020-02-01,75.96,87.16,56.69
2020-03-01,81.54,97.09,62.9
2020-04-01,69.34,81.76,47.59
2020-05-01,68.51,83.36,42.3
2020-06-01,71.23,85.87,49.76
2020-07-01,66.47,88.74,36.25
2020-08-01,65.47,90.01,28.45
2020-09-01,80.38,101.26,49.52
2020-10-01,76.08,97.65,42.68
2020-11-01,70.07,79.04,62.31
2020-12-01,64.07,86.82,31.74
2021-01-01,77.42,98.48,48.29
2021-02-01,73.96,94.48,46.33
2021-03-01,78.62,100.85,49.42
2021-04-01,88.17,109.59,67.87
2021-05-01,93.01,120.78,52.63
2021-06-01,74.13,92.55,46.35
2021-07-01,58.42,64.04,50.72
2021-08-01,89.49,103.2,76.48
2021-09-01,80.7,92.05,67.94
2021-10-01,79.03,93.81,61.15
2021-11-01,86.57,121.5,39.74
2021-12-01,105.35,155.31,47.65
2022-01-01,138.67,199.49,63.25
2022-02-01,216.16,320.61,105.22
2022-03-01,318.95,403.71,250.96
2022-04-01,191.14,221.91,184.42
2022-05-01,142.26,166.42,140.14
2022-06-01,130.71,160.73,114.81
2022-07-01,117.18,141.24,97.84
2022-08-01,132.86,159.38,111.16
2022-09-01,131.99,170.31,108.63
2022-10-01,143.16,185.28,112.68
2022-11-01,116.72,143.05,98.68
2022-12-01,111.2,119.14,109.77
2023-01-01,104.27,113.02,94.63
2023-02-01,120.99,147.05,103.03
2023-03-01,105.38,125.09,86.75
2023-04-01,106.81,118.17,93.25
2023-05-01,108.47,122.47,92.76
2023-06-01,110.53,129.41,95.28
2023-07-01,107.45,123.81,91.77
2023-08-01,101.14,117.61,83.61
2023-09-01,98.63,125.65,68.47
2023-10-01,197.89,205.04,221.8
2023-11-01,156.7,143.49,189.55
2023-12-01,142.28,136.18,173.96
2024-01-01,160.37,140.84,208.47
2024-02-01,146.6,140.24,171.18
2024-03-01,133.21,121.54,151.81
2024-04-01,163.95,170.7,165.99
2024-05-01,130.52,131.45,133.15
2024-06-01,113.09,125.71,109.74
2024-07-01,92.39,95.16,95.11
2024-08-01,140.98,124.8,165.18
2024-09-01,130.36,134.04,135.55
2024-10-01,130.69,128.41,142.82
2024-11-01,128.9,139.15,127.43
2024-12-01,142.37,128.26,164.81
2025-01-01,113.23,117.09,109.5
2025-02-01,136.98,138.77,140.79
2025-03-01,175.9,195.68,159.82
2025-04-01,140.97,159.26,132.06
2025-05-01,166.83,205.17,149.21
2025-06-01,221.13,286.44,182.07
2025-07-01,134.22,156.11,119.33
2025-08-01,138.99,160.42,121.73
2025-09-01,126.74,142.89,115.22
2025-10-01,154.51,168,151.55
2025-11-01,104.35,118.7,88.7
2025-12-01,132.49,146.36,123.53
2026-01-01,168.63,220.17,100.22
2026-02-01,119.87,156.01,81.24
2026-03-01,330.94,320.16,450.74
