date,,world_crude_prod_mbpd
2000-01-01,64344.8691,64.34
2000-02-01,65061.06259,65.06
2000-03-01,65239.83255,65.24
2000-04-01,65741.43967,65.74
2000-05-01,66136.50413,66.14
2000-06-01,65785.10167,65.79
2000-07-01,66503.74184,66.5
2000-08-01,67041.54994,67.04
2000-09-01,66982.02,66.98
2000-10-01,67735.98426,67.74
2000-11-01,68591.51567,68.59
2000-12-01,67112.56477,67.11
2001-01-01,67456.87048,67.46
2001-02-01,66863.35914,66.86
2001-03-01,67396.32058,67.4
2001-04-01,66699.46033,66.7
2001-05-01,65893.83635,65.89
2001-06-01,64304.337,64.3
2001-07-01,66619.91216,66.62
2001-08-01,66732.25235,66.73
2001-09-01,66054.384,66.05
2001-10-01,66016.13577,66.02
2001-11-01,65888.75467,65.89
2001-12-01,65969.58161,65.97
2002-01-01,65553.67035,65.55
2002-02-01,65691.05957,65.69
2002-03-01,65101.14345,65.1
2002-04-01,64239.04533,64.24
2002-05-01,65035.73652,65.04
2002-06-01,65078.906,65.08
2002-07-01,65967.93045,65.97
2002-08-01,65700.74245,65.7
2002-09-01,65742.813,65.74
2002-10-01,67130.05681,67.13
2002-11-01,67339.77133,67.34
2002-12-01,66663.53042,66.66
2003-01-01,69345.818,69.35
2003-02-01,70667.015,70.67
2003-03-01,70704.776,70.7
2003-04-01,69354.52,69.35
2003-05-01,69169.601,69.17
2003-06-01,68983.813,68.98
2003-07-01,69435.615,69.44
2003-08-01,69893.245,69.89
2003-09-01,69853.647,69.85
2003-10-01,71135.661,71.14
2003-11-01,71547.06,71.55
2003-12-01,72136.433,72.14
2004-01-01,71671.928,71.67
2004-02-01,71616.39,71.62
2004-03-01,72142.732,72.14
2004-04-01,71737.695,71.74
2004-05-01,72166.495,72.17
2004-06-01,73591.559,73.59
2004-07-01,73916.642,73.92
2004-08-01,72905.11,72.91
2004-09-01,73342.663,73.34
2004-10-01,74049.505,74.05
2004-11-01,74096.572,74.1
2004-12-01,73736.139,73.74
2005-01-01,73197.742,73.2
2005-02-01,73998.369,74
2005-03-01,73959.974,73.96
2005-04-01,74505.991,74.51
2005-05-01,74752.059,74.75
2005-06-01,74143.189,74.14
2005-07-01,74216.962,74.22
2005-08-01,74312.312,74.31
2005-09-01,73028.623,73.03
2005-10-01,73691.379,73.69
2005-11-01,74375.594,74.38
2005-12-01,74495.252,74.5
2006-01-01,74145.415,74.15
2006-02-01,74618.98,74.62
2006-03-01,74742.219,74.74
2006-04-01,74011.71,74.01
2006-05-01,73676.743,73.68
2006-06-01,74094.518,74.09
2006-07-01,75091.576,75.09
2006-08-01,74116.975,74.12
2006-09-01,74048.543,74.05
2006-10-01,74216.318,74.22
2006-11-01,74093.127,74.09
2006-12-01,73667.922,73.67
2007-01-01,73967.377,73.97
2007-02-01,74427.572,74.43
2007-03-01,74226.811,74.23
2007-04-01,74264.972,74.26
2007-05-01,73867.61,73.87
2007-06-01,73627.997,73.63
2007-07-01,74422.538,74.42
2007-08-01,73493.174,73.49
2007-09-01,73855.256,73.86
2007-10-01,75066.649,75.07
2007-11-01,74528.258,74.53
2007-12-01,74940.932,74.94
2008-01-01,74728.643,74.73
2008-02-01,74823.678,74.82
2008-03-01,75045.509,75.05
2008-04-01,74486.134,74.49
2008-05-01,74790.717,74.79
2008-06-01,74812.019,74.81
2008-07-01,75569.424,75.57
2008-08-01,74482.225,74.48
2008-09-01,73486.298,73.49
2008-10-01,74476.433,74.48
2008-11-01,74319.854,74.32
2008-12-01,73550.516,73.55
2009-01-01,72485.235,72.49
2009-02-01,72875.503,72.88
2009-03-01,72709.632,72.71
2009-04-01,72994.151,72.99
2009-05-01,72595.179,72.6
2009-06-01,72726.703,72.73
2009-07-01,73687.155,73.69
2009-08-01,73145.54,73.15
2009-09-01,73584.571,73.58
2009-10-01,74041.585,74.04
2009-11-01,74165.539,74.17
2009-12-01,73862.078,73.86
2010-01-01,74045.54595,74.05
2010-02-01,74360.29495,74.36
2010-03-01,74606.75395,74.61
2010-04-01,74359.84395,74.36
2010-05-01,74339.71395,74.34
2010-06-01,73974.67495,73.97
2010-07-01,74224.58095,74.22
2010-08-01,74098.63595,74.1
2010-09-01,74409.62595,74.41
2010-10-01,74744.62995,74.74
2010-11-01,75072.43595,75.07
2010-12-01,75163.46695,75.16
2011-01-01,75925.41366,75.93
2011-02-01,75489.33866,75.49
2011-03-01,74441.36866,74.44
2011-04-01,74286.66666,74.29
2011-05-01,73656.32966,73.66
2011-06-01,74445.66866,74.45
2011-07-01,74840.03766,74.84
2011-08-01,75301.61166,75.3
2011-09-01,74681.63066,74.68
2011-10-01,75258.02566,75.26
2011-11-01,76238.92466,76.24
2011-12-01,76595.46966,76.6
2012-01-01,76765.30451,76.77
2012-02-01,76987.85451,76.99
2012-03-01,76880.10351,76.88
2012-04-01,77197.09451,77.2
2012-05-01,76499.23051,76.5
2012-06-01,76295.14451,76.3
2012-07-01,76549.35851,76.55
2012-08-01,76528.93751,76.53
2012-09-01,75955.27851,75.96
2012-10-01,76567.77951,76.57
2012-11-01,77102.62651,77.1
2012-12-01,76985.27951,76.99
2013-01-01,76420.51077,76.42
2013-02-01,76207.39777,76.21
2013-03-01,76413.89977,76.41
2013-04-01,76839.28977,76.84
2013-05-01,76704.25677,76.7
2013-06-01,76758.40477,76.76
2013-07-01,77273.81877,77.27
2013-08-01,77028.30377,77.03
2013-09-01,76558.15277,76.56
2013-10-01,76837.96077,76.84
2013-11-01,77139.80177,77.14
2013-12-01,77565.43477,77.57
2014-01-01,77787.97741,77.79
2014-02-01,78277.62641,78.28
2014-03-01,77633.84941,77.63
2014-04-01,77428.63841,77.43
2014-05-01,77600.92241,77.6
2014-06-01,77903.58141,77.9
2014-07-01,78157.91041,78.16
2014-08-01,78491.31941,78.49
2014-09-01,79227.60741,79.23
2014-10-01,80212.03941,80.21
2014-11-01,79975.46341,79.98
2014-12-01,80847.80941,80.85
2015-01-01,80106.36219,80.11
2015-02-01,79989.99919,79.99
2015-03-01,80924.85519,80.92
2015-04-01,80528.06819,80.53
2015-05-01,80467.90419,80.47
2015-06-01,80919.99519,80.92
2015-07-01,81433.07719,81.43
2015-08-01,81173.50019,81.17
2015-09-01,81062.49319,81.06
2015-10-01,81016.83419,81.02
2015-11-01,81689.18119,81.69
2015-12-01,81868.19119,81.87
2016-01-01,81795.41,81.8
2016-02-01,81043.412,81.04
2016-03-01,80928.202,80.93
2016-04-01,80148.383,80.15
2016-05-01,79355.897,79.36
2016-06-01,80068.621,80.07
2016-07-01,80827.959,80.83
2016-08-01,80255.518,80.26
2016-09-01,80623.222,80.62
2016-10-01,81783.142,81.78
2016-11-01,82777.842,82.78
2016-12-01,82225.155,82.23
2017-01-01,81229.754,81.23
2017-02-01,81118.08173,81.12
2017-03-01,80620.63381,80.62
2017-04-01,80117.30754,80.12
2017-05-01,80876.49867,80.88
2017-06-01,81166.1019,81.17
2017-07-01,81613.85834,81.61
2017-08-01,81190.58578,81.19
2017-09-01,81321.72184,81.32
2017-10-01,81540.63723,81.54
2017-11-01,82018.7061,82.02
2017-12-01,81628.01262,81.63
2018-01-01,82123.93108,82.12
2018-02-01,82355.31615,82.36
2018-03-01,82271.80694,82.27
2018-04-01,82009.45045,82.01
2018-05-01,81923.55825,81.92
2018-06-01,82098.2158,82.1
2018-07-01,82815.60255,82.82
2018-08-01,83209.12693,83.21
2018-09-01,83342.68113,83.34
2018-10-01,84237.07253,84.24
2018-11-01,84593.68948,84.59
2018-12-01,84106.1659,84.11
2019-01-01,82392.40803,82.39
2019-02-01,82337.12503,82.34
2019-03-01,82051.73872,82.05
2019-04-01,81942.20641,81.94
2019-05-01,81527.83824,81.53
2019-06-01,81507.12436,81.51
2019-07-01,81102.37745,81.1
2019-08-01,82179.99675,82.18
2019-09-01,80523.42705,80.52
2019-10-01,82394.28618,82.39
2019-11-01,83256.14731,83.26
2019-12-01,83385.18564,83.39
2020-01-01,82734.54953,82.73
2020-02-01,81999.8845,82
2020-03-01,82106.21727,82.11
2020-04-01,82380.09633,82.38
2020-05-01,71271.54789,71.27
2020-06-01,70009.78342,70.01
2020-07-01,71465.21702,71.47
2020-08-01,72534.26247,72.53
2020-09-01,72381.01708,72.38
2020-10-01,72965.04413,72.97
2020-11-01,74753.20619,74.75
2020-12-01,75475.59294,75.48
2021-01-01,75867.09095,75.87
2021-02-01,73953.34199,73.95
2021-03-01,75859.75897,75.86
2021-04-01,75321.67549,75.32
2021-05-01,75825.30722,75.83
2021-06-01,76332.68303,76.33
2021-07-01,77627.07668,77.63
2021-08-01,77195.74113,77.2
2021-09-01,77588.06309,77.59
2021-10-01,78922.15543,78.92
2021-11-01,79792.92925,79.79
2021-12-01,79340.04097,79.34
2022-01-01,79530.91531,79.53
2022-02-01,80813.32862,80.81
2022-03-01,80742.73456,80.74
2022-04-01,80006.96304,80.01
2022-05-01,79470.16068,79.47
2022-06-01,79717.90812,79.72
2022-07-01,80624.10752,80.62
2022-08-01,81594.13786,81.59
2022-09-01,82139.92475,82.14
2022-10-01,82217.57549,82.22
2022-11-01,82535.62929,82.54
2022-12-01,81922.88911,81.92
2023-01-01,82092.59331,82.09
2023-02-01,82738.64902,82.74
2023-03-01,82708.60061,82.71
2023-04-01,82101.80786,82.1
2023-05-01,81366.4536,81.37
2023-06-01,81926.47565,81.93
2023-07-01,81212.92186,81.21
2023-08-01,80769.68577,80.77
2023-09-01,81702.32323,81.7
2023-10-01,82078.25818,82.08
2023-11-01,82890.68419,82.89
2023-12-01,83191.73958,83.19
2024-01-01,81756.69162,81.76
2024-02-01,82445.11921,82.45
2024-03-01,82865.86454,82.87
2024-04-01,82338.99929,82.34
2024-05-01,81594.35242,81.59
2024-06-01,81303.65774,81.3
2024-07-01,81613.33017,81.61
2024-08-01,81814.95974,81.81
2024-09-01,80741.80976,80.74
2024-10-01,81897.14534,81.9
2024-11-01,82097.85621,82.1
2024-12-01,82540.70003,82.54
2025-01-01,82139.04355,82.14
2025-02-01,82428.78262,82.43
2025-03-01,83527.36235,83.53
2025-04-01,82963.59188,82.96
2025-05-01,83070.13635,83.07
2025-06-01,84157.14015,84.16
2025-07-01,84568.03509,84.57
2025-08-01,85031.61202,85.03
2025-09-01,86175.07089,86.18
2025-10-01,86099.59252,86.1
2025-11-01,86063.80753,86.06
2025-12-01,85934.88878,85.93
2026-01-01,84595.37336,84.6
2026-02-01,86714.84921,86.71
2026-03-01,76394.70678,76.39
