date,Expected INR/USD Average,ln_inr_usd
2000-01-01,43.55,3.773915903
2000-02-01,43.61,3.77534266
2000-03-01,43.59,3.774792666
2000-04-01,43.64,3.775980577
2000-05-01,43.99,3.783849349
2000-06-01,44.69,3.79977102
2000-07-01,44.78,3.801817438
2000-08-01,45.69,3.82183787
2000-09-01,45.89,3.826225437
2000-10-01,46.35,3.836167353
2000-11-01,46.78,3.845504285
2000-12-01,46.75,3.844825593
2001-01-01,46.55,3.840429255
2001-02-01,46.52,3.839858467
2001-03-01,46.62,3.842040359
2001-04-01,46.79,3.845594059
2001-05-01,46.92,3.848444024
2001-06-01,47,3.850243342
2001-07-01,47.14,3.853160505
2001-08-01,47.13,3.852846085
2001-09-01,47.65,3.863798681
2001-10-01,48.02,3.871627587
2001-11-01,48,3.871146218
2001-12-01,47.92,3.869587835
2002-01-01,48.32,3.877746625
2002-02-01,48.69,3.885504477
2002-03-01,48.74,3.886488559
2002-04-01,48.92,3.89017609
2002-05-01,49,3.891820298
2002-06-01,48.97,3.891136391
2002-07-01,48.76,3.88699049
2002-08-01,48.59,3.883349213
2002-09-01,48.44,3.880358536
2002-10-01,48.37,3.878938913
2002-11-01,48.26,3.876504837
2002-12-01,48.14,3.874113432
2003-01-01,47.93,3.869796066
2003-02-01,47.74,3.865681431
2003-03-01,47.64,3.863694785
2003-04-01,47.38,3.858147432
2003-05-01,47.08,3.8519154
2003-06-01,46.71,3.843937936
2003-07-01,46.23,3.833619637
2003-08-01,45.94,3.827238239
2003-09-01,45.85,3.825385668
2003-10-01,45.39,3.81530173
2003-11-01,45.52,3.81815179
2003-12-01,45.59,3.819708355
2004-01-01,45.46,3.816759565
2004-02-01,45.27,3.812681451
2004-03-01,45.01,3.806990436
2004-04-01,43.93,3.782673258
2004-05-01,45.26,3.81237945
2004-06-01,45.52,3.818061935
2004-07-01,46.04,3.829589642
2004-08-01,46.34,3.836056877
2004-09-01,46.1,3.830771734
2004-10-01,45.78,3.823927696
2004-11-01,45.13,3.809477191
2004-12-01,43.98,3.783744762
2005-01-01,43.76,3.778647943
2005-02-01,43.68,3.776821648
2005-03-01,43.69,3.777119243
2005-04-01,43.74,3.778289992
2005-05-01,43.49,3.772563907
2005-06-01,43.59,3.774733933
2005-07-01,43.54,3.77361965
2005-08-01,43.63,3.77565124
2005-09-01,43.92,3.782290104
2005-10-01,44.82,3.802710245
2005-11-01,45.73,3.822721736
2005-12-01,45.65,3.820903931
2006-01-01,44.4,3.793205685
2006-02-01,44.33,3.791685334
2006-03-01,44.48,3.795082365
2006-04-01,44.95,3.805537635
2006-05-01,45.41,3.815712305
2006-06-01,46.06,3.829846105
2006-07-01,46.46,3.838509718
2006-08-01,46.54,3.840292605
2006-09-01,46.12,3.831267294
2006-10-01,45.47,3.817018019
2006-11-01,44.85,3.803333622
2006-12-01,44.63,3.798507103
2007-01-01,44.33,3.791729321
2007-02-01,44.16,3.787832083
2007-03-01,44.03,3.784769012
2007-04-01,42.15,3.741259595
2007-05-01,40.78,3.708179995
2007-06-01,40.77,3.707993119
2007-07-01,40.42,3.699234653
2007-08-01,40.82,3.709113851
2007-09-01,40.34,3.697343533
2007-10-01,39.51,3.676634287
2007-11-01,39.44,3.67478053
2007-12-01,39.44,3.67478053
2008-01-01,39.37,3.67312551
2008-02-01,39.73,3.682094488
2008-03-01,40.36,3.697756685
2008-04-01,40.03,3.689573713
2008-05-01,42.13,3.740653258
2008-06-01,42.82,3.757005283
2008-07-01,42.84,3.75739101
2008-08-01,42.94,3.759779339
2008-09-01,45.56,3.819117931
2008-10-01,48.64,3.884491878
2008-11-01,49,3.891888255
2008-12-01,48.64,3.884485299
2009-01-01,48.83,3.88843703
2009-02-01,49.22,3.896345148
2009-03-01,51.23,3.936356139
2009-04-01,50.06,3.91325984
2009-05-01,48.53,3.882264583
2009-06-01,47.77,3.866474023
2009-07-01,48.48,3.881079557
2009-08-01,48.34,3.878197313
2009-09-01,48.44,3.880304242
2009-10-01,46.72,3.844194813
2009-11-01,46.57,3.840935084
2009-12-01,46.63,3.842244111
2010-01-01,45.96,3.827836725
2010-02-01,46.33,3.835698825
2010-03-01,45.5,3.817668369
2010-04-01,44.5,3.795465593
2010-05-01,45.8,3.82438234
2010-06-01,46.56,3.840839522
2010-07-01,46.84,3.846659824
2010-08-01,46.57,3.840895142
2010-09-01,46.06,3.829923183
2010-10-01,44.41,3.793480431
2010-11-01,45.02,3.807067963
2010-12-01,45.16,3.810140878
2011-01-01,45.39,3.815366279
2011-02-01,45.44,3.81630012
2011-03-01,44.99,3.806470471
2011-04-01,44.37,3.792563565
2011-05-01,44.9,3.804538458
2011-06-01,44.85,3.803404745
2011-07-01,44.42,3.793631285
2011-08-01,45.28,3.812838932
2011-09-01,47.63,3.863504804
2011-10-01,49.26,3.897070167
2011-11-01,50.86,3.929006761
2011-12-01,52.68,3.964177029
2012-01-01,51.34,3.938454593
2012-02-01,49.17,3.895224701
2012-03-01,50.32,3.918428447
2012-04-01,51.81,3.947623713
2012-05-01,54.47,3.997714896
2012-06-01,56.03,4.02589101
2012-07-01,55.49,4.016288422
2012-08-01,55.56,4.017459738
2012-09-01,54.61,4.000134977
2012-10-01,53.02,3.970743321
2012-11-01,54.78,4.003248673
2012-12-01,54.65,4.000908958
2013-01-01,54.32,3.994833571
2013-02-01,53.77,3.984784872
2013-03-01,54.4,3.996449077
2013-04-01,54.38,3.995917547
2013-05-01,55.01,4.007529711
2013-06-01,58.4,4.067269656
2013-07-01,59.78,4.090594205
2013-08-01,63.21,4.146443532
2013-09-01,63.75,4.155002752
2013-10-01,61.62,4.120914436
2013-11-01,62.63,4.137291657
2013-12-01,61.91,4.125686725
2014-01-01,62.08,4.128358958
2014-02-01,62.25,4.131222951
2014-03-01,61.01,4.111103182
2014-04-01,60.36,4.100270635
2014-05-01,59.31,4.082693957
2014-06-01,59.73,4.089846126
2014-07-01,60.06,4.095320253
2014-08-01,60.9,4.109153861
2014-09-01,60.86,4.108656982
2014-10-01,61.34,4.1164646
2014-11-01,61.7,4.122351676
2014-12-01,62.75,4.139205589
2015-01-01,62.23,4.130771794
2015-02-01,62.04,4.127740814
2015-03-01,62.45,4.134363675
2015-04-01,62.75,4.139208935
2015-05-01,63.8,4.155758363
2015-06-01,63.86,4.156704775
2015-07-01,63.63,4.153163319
2015-08-01,65.07,4.17549942
2015-09-01,66.22,4.19294946
2015-10-01,65.06,4.175279333
2015-11-01,66.12,4.191427261
2015-12-01,66.6,4.198637158
2016-01-01,67.25,4.208451665
2016-02-01,68.24,4.222996758
2016-03-01,67.02,4.205018686
2016-04-01,66.47,4.196743647
2016-05-01,66.91,4.20329956
2016-06-01,67.3,4.209113579
2016-07-01,67.21,4.207786783
2016-08-01,66.94,4.203791318
2016-09-01,66.74,4.20077046
2016-10-01,66.75,4.20091969
2016-11-01,67.63,4.213987497
2016-12-01,67.9,4.218042367
2017-01-01,68.08,4.220688919
2017-02-01,67.08,4.205818105
2017-03-01,65.88,4.187784206
2017-04-01,64.51,4.16677514
2017-05-01,64.42,4.165499273
2017-06-01,64.44,4.165780957
2017-07-01,64.46,4.165980959
2017-08-01,63.97,4.158389055
2017-09-01,64.44,4.165749301
2017-10-01,65.08,4.17563695
2017-11-01,64.86,4.172271341
2017-12-01,64.24,4.162662184
2018-01-01,63.64,4.153193491
2018-02-01,64.37,4.164707339
2018-03-01,65.02,4.17471537
2018-04-01,65.64,4.184129658
2018-05-01,67.54,4.212710539
2018-06-01,67.79,4.216459977
2018-07-01,68.69,4.229652542
2018-08-01,69.55,4.241995737
2018-09-01,72.22,4.279651658
2018-10-01,73.63,4.299083788
2018-11-01,71.85,4.274639623
2018-12-01,70.73,4.258884939
2019-01-01,70.73,4.258910387
2019-02-01,71.22,4.265798502
2019-03-01,69.48,4.241019511
2019-04-01,69.43,4.240281746
2019-05-01,69.77,4.245248835
2019-06-01,69.44,4.240446653
2019-07-01,68.81,4.231324377
2019-08-01,71.15,4.264729887
2019-09-01,71.33,4.267368306
2019-10-01,71.04,4.263235357
2019-11-01,71.45,4.269021697
2019-12-01,71.19,4.26538888
2020-01-01,71.31,4.267089577
2020-02-01,71.49,4.269536877
2020-03-01,74.35,4.308793088
2020-04-01,76.24,4.333840193
2020-05-01,75.66,4.326248033
2020-06-01,75.73,4.327132655
2020-07-01,74.99,4.317399976
2020-08-01,74.67,4.313104118
2020-09-01,73.48,4.297036954
2020-10-01,73.46,4.296715312
2020-11-01,74.22,4.307030826
2020-12-01,73.59,4.298558745
2021-01-01,73.11,4.291956881
2021-02-01,72.76,4.287117699
2021-03-01,72.79,4.287617049
2021-04-01,74.47,4.310426063
2021-05-01,73.27,4.294120403
2021-06-01,73.56,4.298077745
2021-07-01,74.53,4.311161073
2021-08-01,74.18,4.306556447
2021-09-01,73.56,4.298147755
2021-10-01,74.92,4.316357875
2021-11-01,74.5,4.310752279
2021-12-01,75.37,4.322442752
2022-01-01,74.44,4.310014925
2022-02-01,75,4.317529846
2022-03-01,76.24,4.333944888
2022-04-01,76.17,4.332939195
2022-05-01,77.32,4.347943342
2022-06-01,78.07,4.357664524
2022-07-01,79.6,4.377033565
2022-08-01,79.56,4.376449235
2022-09-01,80.23,4.384916829
2022-10-01,82.34,4.410858437
2022-11-01,81.81,4.404405842
2022-12-01,82.46,4.412364381
2023-01-01,81.9,4.405493985
2023-02-01,82.61,4.414113186
2023-03-01,82.29,4.410232216
2023-04-01,82.02,4.40697263
2023-05-01,82.34,4.410897336
2023-06-01,82.23,4.409564671
2023-07-01,82.15,4.408570496
2023-08-01,82.79,4.416251597
2023-09-01,83.05,4.419412733
2023-10-01,83.24,4.421672017
2023-11-01,83.3,4.422424659
2023-12-01,83.28,4.422192814
2024-01-01,83.12,4.420297149
2024-02-01,82.96,4.41840244
2024-03-01,83,4.418812026
2024-04-01,83.41,4.423720382
2024-05-01,83.39,4.423563654
2024-06-01,83.47,4.424498257
2024-07-01,83.59,4.425979577
2024-08-01,83.9,4.429581393
2024-09-01,83.81,4.428531034
2024-10-01,84.03,4.431168094
2024-11-01,84.36,4.435145049
2024-12-01,84.99,4.442489232
2025-01-01,86.27,4.457432625
2025-02-01,87.05,4.466537231
2025-03-01,86.64,4.461734629
2025-04-01,85.56,4.449232108
2025-05-01,85.19,4.444880358
2025-06-01,85.9,4.453223793
2025-07-01,86.11,4.455679223
2025-08-01,87.52,4.471848937
2025-09-01,88.32,4.480995913
2025-10-01,88.42,4.482057473
2025-11-01,88.83,4.486674956
2025-12-01,90.09,4.500823348
2026-01-01,90.8,4.508649208
2026-02-01,90.73,4.507897403
2026-03-01,92.76,4.530024137
